"sample.date","treatment","replicate","disturbed","fertilized","biomass","year","centered.year","log.biomass","fert.code","dist.code"
"6/5/96","T7","R1","not.disturbed","no.fert",24.360625,1996,-4.0958677685951,3.19296809932702,0,0
"6/5/96","T7","R2","not.disturbed","no.fert",59.4946666666667,1996,-4.0958677685951,4.08588667267971,0,0
"6/5/96","T7","R3","not.disturbed","no.fert",37.686875,1996,-4.0958677685951,3.62931189060197,0,0
"6/5/96","T7","R4","not.disturbed","no.fert",25.613125,1996,-4.0958677685951,3.24310491541468,0,0
"6/5/96","T7","R5","not.disturbed","no.fert",44.1423076923077,1996,-4.0958677685951,3.78741868066514,0,0
"6/5/96","T7","R6","not.disturbed","no.fert",44.428,1996,-4.0958677685951,3.79386990130487,0,0
"6/5/96","T7","R1","not.disturbed","fert",43.54,1996,-4.0958677685951,3.7736800558064,1,0
"6/5/96","T7","R2","not.disturbed","fert",34.27625,1996,-4.0958677685951,3.5344526945135,1,0
"6/5/96","T7","R3","not.disturbed","fert",38.104375,1996,-4.0958677685951,3.64032910493659,1,0
"6/5/96","T7","R4","not.disturbed","fert",43.628125,1996,-4.0958677685951,3.77570201119488,1,0
"6/5/96","T7","R5","not.disturbed","fert",40.7936842105263,1996,-4.0958677685951,3.70852727066594,1,0
"6/5/96","T7","R6","not.disturbed","fert",62.6258333333333,1996,-4.0958677685951,4.13717786603639,1,0
"7/15/89","T7","R1","not.disturbed","no.fert",205.428571428571,1989,-11.0958677685951,5.32509838922568,0,0
"7/15/89","T7","R2","not.disturbed","no.fert",187.083333333333,1989,-11.0958677685951,5.23155415038835,0,0
"7/15/89","T7","R3","not.disturbed","no.fert",424.3125,1989,-11.0958677685951,6.05047021206187,0,0
"7/15/89","T7","R4","not.disturbed","no.fert",360.5,1989,-11.0958677685951,5.887491956725,0,0
"7/15/89","T7","R5","not.disturbed","no.fert",545.75,1989,-11.0958677685951,6.30216099543005,0,0
"7/15/89","T7","R6","not.disturbed","no.fert",182.333333333333,1989,-11.0958677685951,5.20583651375387,0,0
"7/15/89","T7","R2","not.disturbed","fert",426.545454545455,1989,-11.0958677685951,6.055718936975,1,0
"7/15/89","T7","R3","not.disturbed","fert",1039.875,1989,-11.0958677685951,6.94685579260405,1,0
"7/15/89","T7","R4","not.disturbed","fert",499.607142857143,1989,-11.0958677685951,6.21382207530123,1,0
"7/15/89","T7","R5","not.disturbed","fert",443.583333333333,1989,-11.0958677685951,6.09488568338476,1,0
"7/15/89","T7","R6","not.disturbed","fert",331.8,1989,-11.0958677685951,5.80453237775634,1,0
"7/15/96","T7","R6","not.disturbed","no.fert",35.98,1996,-4.0958677685951,3.58296322852239,0,0
"7/15/96","T7","R1","disturbed","no.fert",16.3790909090909,1996,-4.0958677685951,2.79600557682924,0,1
"7/15/96","T7","R2","disturbed","no.fert",21.9175,1996,-4.0958677685951,3.0872854044806,0,1
"7/15/96","T7","R3","disturbed","no.fert",33.56,1996,-4.0958677685951,3.51333488159901,0,1
"7/15/96","T7","R4","disturbed","no.fert",13.5181818181818,1996,-4.0958677685951,2.60403558066774,0,1
"7/15/96","T7","R5","disturbed","no.fert",126.883333333333,1996,-4.0958677685951,4.84326802908411,0,1
"7/15/96","T7","R6","disturbed","no.fert",20.6523076923077,1996,-4.0958677685951,3.0278270658173,0,1
"7/15/96","T7","R1","disturbed","fert",28.808,1996,-4.0958677685951,3.36065312634657,1,1
"7/15/96","T7","R2","disturbed","fert",117.758571428571,1996,-4.0958677685951,4.7686365236958,1,1
"7/15/96","T7","R3","disturbed","fert",31.7385714285714,1996,-4.0958677685951,3.45753270553372,1,1
"7/15/96","T7","R4","disturbed","fert",16.5377777777778,1996,-4.0958677685951,2.8056473261422,1,1
"7/15/96","T7","R5","disturbed","fert",107.19,1996,-4.0958677685951,4.67460296070343,1,1
"7/15/96","T7","R6","disturbed","fert",47.4136363636364,1996,-4.0958677685951,3.85890987432361,1,1
"7/30/03","T7","R2","not.disturbed","no.fert",37.81575,2003,2.9041322314049,3.63272568251076,0,0
"7/30/03","T7","R3","not.disturbed","no.fert",36.9423529411765,2003,2.9041322314049,3.60935866903863,0,0
"7/30/03","T7","R2","not.disturbed","fert",75.0038461538462,2003,2.9041322314049,4.31753939427271,1,0
"7/30/03","T7","R3","not.disturbed","fert",97.0233333333333,2003,2.9041322314049,4.57495149940409,1,0
"7/30/12","T7","R1","not.disturbed","no.fert",21.6286666666667,2012,11.9041322314049,3.07401959528488,0,0
"7/30/12","T7","R2","not.disturbed","no.fert",39.248,2012,11.9041322314049,3.66990048751613,0,0
"7/30/12","T7","R3","not.disturbed","no.fert",35.6333333333333,2012,11.9041322314049,3.57328152936289,0,0
"7/30/12","T7","R4","not.disturbed","no.fert",58.8171428571429,2012,11.9041322314049,4.07443335760305,0,0
"7/30/12","T7","R5","not.disturbed","no.fert",23.6991666666667,2012,11.9041322314049,3.16543988577887,0,0
"7/30/12","T7","R6","not.disturbed","no.fert",22.8425,2012,11.9041322314049,3.12862283589064,0,0
"7/30/12","T7","R1","not.disturbed","fert",93.2266666666667,2012,11.9041322314049,4.53503380379906,1,0
"7/30/12","T7","R2","not.disturbed","fert",139.675,2012,11.9041322314049,4.93931829534521,1,0
"7/30/12","T7","R3","not.disturbed","fert",65.918,2012,11.9041322314049,4.18841154533513,1,0
"7/30/12","T7","R4","not.disturbed","fert",44.0715384615385,2012,11.9041322314049,3.7858141877417,1,0
"7/30/12","T7","R5","not.disturbed","fert",39.83875,2012,11.9041322314049,3.68484005672217,1,0
"7/30/12","T7","R6","not.disturbed","fert",23.9975,2012,11.9041322314049,3.17794965825555,1,0
"7/30/93","T7","R1","not.disturbed","no.fert",17.6215384615385,1993,-7.0958677685951,2.86912193006412,0,0
"7/30/93","T7","R3","not.disturbed","no.fert",25.162,1993,-7.0958677685951,3.22533491992894,0,0
"7/30/93","T7","R4","not.disturbed","no.fert",11.9492307692308,1993,-7.0958677685951,2.48066690552996,0,0
"7/30/93","T7","R1","not.disturbed","fert",137.204285714286,1993,-7.0958677685951,4.92147095178851,1,0
"7/30/93","T7","R3","not.disturbed","fert",59.1925,1993,-7.0958677685951,4.08079484467502,1,0
"7/30/93","T7","R5","not.disturbed","fert",23.5316666666667,1993,-7.0958677685951,3.15834703179338,1,0
"7/31/03","T7","R1","not.disturbed","no.fert",36.0057894736842,2003,2.9041322314049,3.58367974423962,0,0
"7/31/03","T7","R4","not.disturbed","no.fert",34.0867647058824,2003,2.9041322314049,3.52890917715452,0,0
"7/31/03","T7","R5","not.disturbed","no.fert",29.305,2003,2.9041322314049,3.37775814992839,0,0
"7/31/03","T7","R6","not.disturbed","no.fert",27.5576923076923,2003,2.9041322314049,3.31628170924674,0,0
"7/31/03","T7","R1","not.disturbed","fert",125.537272727273,2003,2.9041322314049,4.83260270832071,1,0
"7/31/03","T7","R4","not.disturbed","fert",80.6707692307692,2003,2.9041322314049,4.39037629442802,1,0
"7/31/03","T7","R5","not.disturbed","fert",51.9183333333333,2003,2.9041322314049,3.9496719712129,1,0
"7/31/03","T7","R6","not.disturbed","fert",170.39,2003,2.9041322314049,5.13808992722715,1,0
"7/9/91","T7","R1","not.disturbed","no.fert",277.083333358333,1991,-9.0958677685951,5.62431830339218,0,0
"7/9/91","T7","R2","not.disturbed","no.fert",278.691358015926,1991,-9.0958677685951,5.63010492581168,0,0
"7/9/91","T7","R3","not.disturbed","no.fert",137.383838406061,1991,-9.0958677685951,4.92277874845992,0,0
"7/9/91","T7","R4","not.disturbed","no.fert",274.944444462778,1991,-9.0958677685951,5.6165690571224,0,0
"7/9/91","T7","R5","not.disturbed","no.fert",70.466666668,1991,-9.0958677685951,4.25513978478695,0,0
"7/9/91","T7","R6","not.disturbed","no.fert",2523.55555566667,1991,-9.0958677685951,7.83342412086062,0,0
"7/9/91","T7","R1","not.disturbed","fert",276.791666652917,1991,-9.0958677685951,5.62326511726762,1,0
"7/9/91","T7","R2","not.disturbed","fert",205.712962961111,1991,-9.0958677685951,5.32648181344391,1,0
"7/9/91","T7","R3","not.disturbed","fert",127.904761923095,1991,-9.0958677685951,4.8512859395031,1,0
"7/9/91","T7","R4","not.disturbed","fert",67.8333333456667,1991,-9.0958677685951,4.21705371639636,1,0
"7/9/91","T7","R5","not.disturbed","fert",108.950617297778,1991,-9.0958677685951,4.69089472725597,1,0
"7/9/91","T7","R6","not.disturbed","fert",108.513888873333,1991,-9.0958677685951,4.68687817283734,1,0
"7/9/91","T7","R1","disturbed","no.fert",128.703703683333,1991,-9.0958677685951,4.85751289183629,0,1
"7/9/91","T7","R2","disturbed","no.fert",281.955555538,1991,-9.0958677685951,5.64174945404205,0,1
"7/9/91","T7","R3","disturbed","no.fert",219.711111108667,1991,-9.0958677685951,5.39231355211569,0,1
"7/9/91","T7","R4","disturbed","no.fert",224.088888868667,1991,-9.0958677685951,5.41204279844725,0,1
"7/9/91","T7","R5","disturbed","no.fert",242.166666666667,1991,-9.0958677685951,5.48962619434223,0,1
"7/9/91","T7","R6","disturbed","no.fert",189.069444442917,1991,-9.0958677685951,5.24211437848834,0,1
"7/9/91","T7","R1","disturbed","fert",333.977777753333,1991,-9.0958677685951,5.81107445709058,1,1
"7/9/91","T7","R2","disturbed","fert",324.476190495238,1991,-9.0958677685951,5.78221216055619,1,1
"7/9/91","T7","R3","disturbed","fert",260.833333311111,1991,-9.0958677685951,5.563881633661,1,1
"7/9/91","T7","R4","disturbed","fert",234.999999987619,1991,-9.0958677685951,5.45958551409147,1,1
"7/9/91","T7","R5","disturbed","fert",389.555555592778,1991,-9.0958677685951,5.96500648824051,1,1
"7/9/91","T7","R6","disturbed","fert",202.04166668,1991,-9.0958677685951,5.3084739468234,1,1
"8/10/95","T7","R1","disturbed","no.fert",19.3657142857143,1995,-5.0958677685951,2.96350419768354,0,1
"8/10/95","T7","R2","disturbed","no.fert",37.9461538461538,1995,-5.0958677685951,3.63616815077816,0,1
"8/10/95","T7","R3","disturbed","no.fert",55.9111111111111,1995,-5.0958677685951,4.02376312805001,0,1
"8/10/95","T7","R4","disturbed","no.fert",112,1995,-5.0958677685951,4.7184988712951,0,1
"8/10/95","T7","R5","disturbed","no.fert",101.666666666667,1995,-5.0958677685951,4.6216994879393,0,1
"8/10/95","T7","R6","disturbed","no.fert",40.8627272727273,1995,-5.0958677685951,3.71021833392479,0,1
"8/10/95","T7","R1","disturbed","fert",77.0377777777778,1995,-5.0958677685951,4.34429592202942,1,1
"8/10/95","T7","R2","disturbed","fert",229.063333333333,1995,-5.0958677685951,5.43399853009163,1,1
"8/10/95","T7","R3","disturbed","fert",142.003333333333,1995,-5.0958677685951,4.95585053150415,1,1
"8/10/95","T7","R4","disturbed","fert",43.7077777777778,1995,-5.0958677685951,3.77752606744962,1,1
"8/10/95","T7","R5","disturbed","fert",183.468,1995,-5.0958677685951,5.21204026536648,1,1
"8/10/95","T7","R6","disturbed","fert",42.3636363636364,1995,-5.0958677685951,3.74629036132728,1,1
"8/11/08","T7","R1","not.disturbed","no.fert",55.5525,2008,7.9041322314049,4.01732851957342,0,0
"8/11/08","T7","R2","not.disturbed","no.fert",46.5423684210526,2008,7.9041322314049,3.84036304658902,0,0
"8/11/08","T7","R3","not.disturbed","no.fert",39.5089473684211,2008,7.9041322314049,3.67652716191251,0,0
"8/11/08","T7","R4","not.disturbed","no.fert",57.5206666666667,2008,7.9041322314049,4.05214430351716,0,0
"8/11/08","T7","R5","not.disturbed","no.fert",42.809,2008,7.9041322314049,3.75674836085576,0,0
"8/11/08","T7","R6","not.disturbed","no.fert",21.1748275862069,2008,7.9041322314049,3.05281309817708,0,0
"8/11/08","T7","R1","not.disturbed","fert",163.102142857143,2008,7.9041322314049,5.09437664784319,1,0
"8/11/08","T7","R2","not.disturbed","fert",183.96375,2008,7.9041322314049,5.21473872733023,1,0
"8/11/08","T7","R3","not.disturbed","fert",145.02375,2008,7.9041322314049,4.9768975221114,1,0
"8/11/08","T7","R4","not.disturbed","fert",49.804,2008,7.9041322314049,3.90809530209017,1,0
"8/11/08","T7","R5","not.disturbed","fert",46.82,2008,7.9041322314049,3.84631046206276,1,0
"8/11/08","T7","R6","not.disturbed","fert",36.093125,2008,7.9041322314049,3.58610240398893,1,0
"8/11/98","T7","R2","not.disturbed","no.fert",53.0629411764706,1998,-2.0958677685951,3.97147877831678,0,0
"8/11/98","T7","R4","not.disturbed","no.fert",31.6882352941176,1998,-2.0958677685951,3.45594548563027,0,0
"8/11/98","T7","R2","not.disturbed","fert",62.8863157894737,1998,-2.0958677685951,4.14132858502155,1,0
"8/12/98","T7","R3","not.disturbed","no.fert",26.0052631578947,1998,-2.0958677685951,3.25829894668526,0,0
"8/12/98","T7","R5","not.disturbed","no.fert",17.7257894736842,1998,-2.0958677685951,2.87502061154954,0,0
"8/12/98","T7","R3","not.disturbed","fert",42.9427272727273,1998,-2.0958677685951,3.75986730400447,1,0
"8/12/98","T7","R4","not.disturbed","fert",63.2461111111111,1998,-2.0958677685951,4.14703364130808,1,0
"8/12/98","T7","R5","not.disturbed","fert",27.7038095238095,1998,-2.0958677685951,3.32156993167256,1,0
"8/13/97","T7","R1","disturbed","no.fert",25.8438461538462,1997,-3.0958677685951,3.25207251280117,0,1
"8/13/97","T7","R2","disturbed","no.fert",17.1642857142857,1997,-3.0958677685951,2.84283081312716,0,1
"8/13/97","T7","R3","disturbed","no.fert",32.9390909090909,1997,-3.0958677685951,3.4946601259804,0,1
"8/13/97","T7","R5","disturbed","no.fert",52.8421428571429,1997,-3.0958677685951,3.96730903252494,0,1
"8/13/97","T7","R6","disturbed","no.fert",10.7975,1997,-3.0958677685951,2.37931462585272,0,1
"8/13/97","T7","R1","disturbed","fert",67.5454545454545,1997,-3.0958677685951,4.21280077191939,1,1
"8/13/97","T7","R2","disturbed","fert",85.3711111111111,1997,-3.0958677685951,4.44700776617836,1,1
"8/13/97","T7","R3","disturbed","fert",64.051,1997,-3.0958677685951,4.15967964102336,1,1
"8/13/97","T7","R5","disturbed","fert",119.142857142857,1997,-3.0958677685951,4.78032325330343,1,1
"8/13/97","T7","R6","disturbed","fert",42.0458333333333,1997,-3.0958677685951,3.73876029312254,1,1
"8/13/98","T7","R1","not.disturbed","no.fert",23.1085,1998,-2.0958677685951,3.14020051521306,0,0
"8/13/98","T7","R6","not.disturbed","no.fert",26.4838461538462,1998,-2.0958677685951,3.27653496802315,0,0
"8/13/98","T7","R1","not.disturbed","fert",53.0976470588235,1998,-2.0958677685951,3.97213261575619,1,0
"8/13/98","T7","R6","not.disturbed","fert",63.405,1998,-2.0958677685951,4.14954272268686,1,0
"8/14/01","T7","R1","disturbed","no.fert",16.43075,2001,0.904132231404901,2.79915457921183,0,1
"8/14/01","T7","R2","disturbed","no.fert",22.795,2001,0.904132231404901,3.1265412136654,0,1
"8/14/01","T7","R3","disturbed","no.fert",24.586,2001,0.904132231404901,3.20217717524515,0,1
"8/14/01","T7","R4","disturbed","no.fert",25.3778571428571,2001,0.904132231404901,3.23387702778625,0,1
"8/14/01","T7","R5","disturbed","no.fert",51.9647058823529,2001,0.904132231404901,3.95056475510621,0,1
"8/14/01","T7","R6","disturbed","no.fert",24.64,2001,0.904132231404901,3.20437113866532,0,1
"8/14/01","T7","R1","disturbed","fert",52.002,2001,0.904132231404901,3.95128217938026,1,1
"8/14/01","T7","R2","disturbed","fert",62.1516666666667,2001,0.904132231404901,4.12957763443813,1,1
"8/14/01","T7","R3","disturbed","fert",34.7864705882353,2001,0.904132231404901,3.54922853498723,1,1
"8/14/01","T7","R4","disturbed","fert",80.2027272727273,2001,0.904132231404901,4.38455752018864,1,1
"8/14/01","T7","R5","disturbed","fert",117.439166666667,2001,0.904132231404901,4.76592046901905,1,1
"8/14/01","T7","R6","disturbed","fert",71.48,2001,0.904132231404901,4.26941769029123,1,1
"8/14/95","T7","R2","not.disturbed","no.fert",25.4045,1995,-5.0958677685951,3.23492632368689,0,0
"8/14/95","T7","R4","not.disturbed","no.fert",17.3546153846154,1995,-5.0958677685951,2.85385848742112,0,0
"8/14/95","T7","R5","not.disturbed","no.fert",38.9515384615385,1995,-5.0958677685951,3.66231826990741,0,0
"8/14/95","T7","R2","not.disturbed","fert",16.8842857142857,1995,-5.0958677685951,2.82638334996884,1,0
"8/14/95","T7","R4","not.disturbed","fert",24.4614285714286,1995,-5.0958677685951,3.19709753294557,1,0
"8/14/95","T7","R5","not.disturbed","fert",76.5533333333333,1995,-5.0958677685951,4.33798766567993,1,0
"8/15/11","T7","R1","disturbed","no.fert",17.741,2011,10.9041322314049,2.87587834507851,0,1
"8/15/11","T7","R3","disturbed","no.fert",19.0317857142857,2011,10.9041322314049,2.9461105137047,0,1
"8/15/11","T7","R4","disturbed","no.fert",14.4305882352941,2011,10.9041322314049,2.66935013670157,0,1
"8/15/11","T7","R1","disturbed","fert",43.4633333333333,2011,10.9041322314049,3.77191767076727,1,1
"8/15/11","T7","R3","disturbed","fert",41.16625,2011,10.9041322314049,3.71761874589121,1,1
"8/15/11","T7","R4","disturbed","fert",47.7328571428571,2011,10.9041322314049,3.86561998975121,1,1
"8/15/92","T7","R1","not.disturbed","no.fert",11.3191666666667,1992,-8.0958677685951,2.4264974540464,0,0
"8/15/92","T7","R2","not.disturbed","no.fert",39.505,1992,-8.0958677685951,3.6764272461747,0,0
"8/15/92","T7","R3","not.disturbed","no.fert",33.3636363636364,1992,-8.0958677685951,3.5074665752562,0,0
"8/15/92","T7","R4","not.disturbed","no.fert",8.721875,1992,-8.0958677685951,2.16583423774255,0,0
"8/15/92","T7","R5","not.disturbed","no.fert",34.745,1992,-8.0958677685951,3.54803567676629,0,0
"8/15/92","T7","R6","not.disturbed","no.fert",23.26,1992,-8.0958677685951,3.14673514709052,0,0
"8/15/92","T7","R1","not.disturbed","fert",42.2646666666667,1992,-8.0958677685951,3.74395143360347,1,0
"8/15/92","T7","R2","not.disturbed","fert",30.789,1992,-8.0958677685951,3.42715748333169,1,0
"8/15/92","T7","R3","not.disturbed","fert",15.63125,1992,-8.0958677685951,2.74927211564379,1,0
"8/15/92","T7","R4","not.disturbed","fert",36.2206666666667,1992,-8.0958677685951,3.58962985832306,1,0
"8/15/92","T7","R5","not.disturbed","fert",71.3225,1992,-8.0958677685951,4.26721184566158,1,0
"8/15/92","T7","R6","not.disturbed","fert",25.4535714285714,1992,-8.0958677685951,3.23685606433262,1,0
"8/15/92","T7","R1","disturbed","no.fert",36.7685714285714,1992,-8.0958677685951,3.60464344301021,0,1
"8/15/92","T7","R2","disturbed","no.fert",28.318,1992,-8.0958677685951,3.34349764486278,0,1
"8/15/92","T7","R3","disturbed","no.fert",31.615,1992,-8.0958677685951,3.45363169151058,0,1
"8/15/92","T7","R4","disturbed","no.fert",24.5255555555556,1992,-8.0958677685951,3.1997156578169,0,1
"8/15/92","T7","R5","disturbed","no.fert",48.0391666666667,1992,-8.0958677685951,3.87201665040576,0,1
"8/15/92","T7","R6","disturbed","no.fert",26.4608333333333,1992,-8.0958677685951,3.27566565226999,0,1
"8/15/92","T7","R1","disturbed","fert",155.075,1992,-8.0958677685951,5.04390887085918,1,1
"8/15/92","T7","R2","disturbed","fert",123.753333333333,1992,-8.0958677685951,4.81829033711297,1,1
"8/15/92","T7","R3","disturbed","fert",63.7314285714286,1992,-8.0958677685951,4.15467782507102,1,1
"8/15/92","T7","R4","disturbed","fert",98.8025,1992,-8.0958677685951,4.59312290807742,1,1
"8/15/92","T7","R5","disturbed","fert",152.811666666667,1992,-8.0958677685951,5.02920622634826,1,1
"8/15/92","T7","R6","disturbed","fert",75.77125,1992,-8.0958677685951,4.32771893310165,1,1
"8/15/93","T7","R4","not.disturbed","fert",152.475714285714,1993,-7.0958677685951,5.02700533278027,1,0
"8/15/93","T7","R5","disturbed","no.fert",92.3158,1993,-7.0958677685951,4.52521530779077,0,1
"8/15/93","T7","R5","disturbed","fert",74.6853333333333,1993,-7.0958677685951,4.31328373194214,1,1
"8/15/96","T7","R1","not.disturbed","no.fert",15.8275,1996,-4.0958677685951,2.76174893343614,0,0
"8/15/96","T7","R2","not.disturbed","no.fert",30.1786666666667,1996,-4.0958677685951,3.40713527299553,0,0
"8/15/96","T7","R3","not.disturbed","no.fert",24.8555555555556,1996,-4.0958677685951,3.21308129115986,0,0
"8/15/96","T7","R4","not.disturbed","no.fert",15.3625,1996,-4.0958677685951,2.73192947489215,0,0
"8/15/96","T7","R5","not.disturbed","no.fert",17.8136363636364,1996,-4.0958677685951,2.87996425184727,0,0
"8/15/96","T7","R6","not.disturbed","no.fert",17.2625,1996,-4.0958677685951,2.84853651873541,0,0
"8/15/96","T7","R1","not.disturbed","fert",21.296,1996,-4.0958677685951,3.05851926165276,1,0
"8/15/96","T7","R2","not.disturbed","fert",43.3785714285714,1996,-4.0958677685951,3.76996557328827,1,0
"8/15/96","T7","R3","not.disturbed","fert",73.0322222222222,1996,-4.0958677685951,4.29090074406435,1,0
"8/15/96","T7","R4","not.disturbed","fert",45.7836363636364,1996,-4.0958677685951,3.82392674264202,1,0
"8/15/96","T7","R5","not.disturbed","fert",37.7675,1996,-4.0958677685951,3.63144894443574,1,0
"8/15/96","T7","R6","not.disturbed","fert",105.546666666667,1996,-4.0958677685951,4.65915319318615,1,0
"8/16/05","T7","R1","not.disturbed","no.fert",58.7438461538462,2005,4.9041322314049,4.07318640122048,0,0
"8/16/05","T7","R2","not.disturbed","no.fert",66.3484210526316,2005,4.9041322314049,4.19491996324761,0,0
"8/16/05","T7","R3","not.disturbed","no.fert",52.6263157894737,2005,4.9041322314049,3.96321629481536,0,0
"8/16/05","T7","R4","not.disturbed","no.fert",42.2494736842105,2005,4.9041322314049,3.74359189654714,0,0
"8/16/05","T7","R5","not.disturbed","no.fert",46.4042105263158,2005,4.9041322314049,3.83739019921685,0,0
"8/16/05","T7","R6","not.disturbed","no.fert",25.4886956521739,2005,4.9041322314049,3.23823504611656,0,0
"8/16/05","T7","R1","not.disturbed","fert",62.33,2005,4.9041322314049,4.13244285082076,1,0
"8/16/05","T7","R2","not.disturbed","fert",300.975,2005,4.9041322314049,5.70702720482109,1,0
"8/16/05","T7","R3","not.disturbed","fert",129.656,2005,4.9041322314049,4.86488478935582,1,0
"8/16/05","T7","R4","not.disturbed","fert",94.0392857142857,2005,4.9041322314049,4.54371262809098,1,0
"8/16/05","T7","R5","not.disturbed","fert",58.9846666666667,2005,4.9041322314049,4.07727752312359,1,0
"8/16/05","T7","R6","not.disturbed","fert",60.6877777777778,2005,4.9041322314049,4.10574232322381,1,0
"8/16/11","T7","R2","disturbed","no.fert",13.4864583333333,2011,10.9041322314049,2.60168609559677,0,1
"8/16/11","T7","R5","disturbed","no.fert",34.81275,2011,10.9041322314049,3.54998369899026,0,1
"8/16/11","T7","R6","disturbed","no.fert",16.8064285714286,2011,10.9041322314049,2.82176146627743,0,1
"8/16/11","T7","R2","disturbed","fert",41.4761363636364,2011,10.9041322314049,3.72511823446274,1,1
"8/16/11","T7","R5","disturbed","fert",93.825,2011,10.9041322314049,4.54143134502108,1,1
"8/16/11","T7","R6","disturbed","fert",51.275,2011,10.9041322314049,3.93720330395844,1,1
"8/17/94","T7","R2","disturbed","no.fert",54.0209090909091,1994,-6.0958677685951,3.98937117700682,0,1
"8/17/94","T7","R3","disturbed","no.fert",71.8066666666667,1994,-6.0958677685951,4.27397732225451,0,1
"8/17/94","T7","R4","disturbed","no.fert",62.7233333333333,1994,-6.0958677685951,4.13873352088844,0,1
"8/17/94","T7","R2","disturbed","fert",140.596666666667,1994,-6.0958677685951,4.94589527117708,1,1
"8/17/94","T7","R3","disturbed","fert",69.8071428571428,1994,-6.0958677685951,4.24573633772953,1,1
"8/17/94","T7","R4","disturbed","fert",112.41,1994,-6.0958677685951,4.72215290147371,1,1
"8/18/93","T7","R1","disturbed","no.fert",25.0688888888889,1993,-7.0958677685951,3.22162759084055,0,1
"8/18/93","T7","R2","disturbed","no.fert",94.33,1993,-7.0958677685951,4.54679927266176,0,1
"8/18/93","T7","R3","disturbed","no.fert",10.655,1993,-7.0958677685951,2.36602926555058,0,1
"8/18/93","T7","R4","disturbed","no.fert",59.9142857142857,1993,-7.0958677685951,4.09291496941251,0,1
"8/18/93","T7","R1","disturbed","fert",66.64,1993,-7.0958677685951,4.19930499785859,1,1
"8/18/93","T7","R2","disturbed","fert",150.451666666667,1993,-7.0958677685951,5.01364188089217,1,1
"8/18/93","T7","R3","disturbed","fert",112.492,1993,-7.0958677685951,4.72288210800485,1,1
"8/18/93","T7","R4","disturbed","fert",107.515714285714,1993,-7.0958677685951,4.67763701628654,1,1
"8/18/94","T7","R1","disturbed","no.fert",29.24625,1994,-6.0958677685951,3.37575136033068,0,1
"8/18/94","T7","R5","disturbed","no.fert",286.46,1994,-6.0958677685951,5.65759891035172,0,1
"8/18/94","T7","R6","disturbed","no.fert",42.8422222222222,1994,-6.0958677685951,3.7575241168351,0,1
"8/18/94","T7","R1","disturbed","fert",53.2066666666667,1994,-6.0958677685951,3.97418370177975,1,1
"8/18/94","T7","R5","disturbed","fert",253.88,1994,-6.0958677685951,5.53686171443827,1,1
"8/18/94","T7","R6","disturbed","fert",87.38,1994,-6.0958677685951,4.47026642352329,1,1
"8/18/95","T7","R1","not.disturbed","no.fert",21.4841666666667,1995,-5.0958677685951,3.06731622972429,0,0
"8/18/95","T7","R3","not.disturbed","no.fert",27.59,1995,-5.0958677685951,3.31745338822919,0,0
"8/18/95","T7","R6","not.disturbed","no.fert",62.73,1995,-5.0958677685951,4.13883980210865,0,0
"8/18/95","T7","R1","not.disturbed","fert",60.8544444444444,1995,-5.0958677685951,4.10848485611624,1,0
"8/18/95","T7","R3","not.disturbed","fert",80.5746666666667,1995,-5.0958677685951,4.38918429076048,1,0
"8/18/95","T7","R6","not.disturbed","fert",35.6661538461538,1995,-5.0958677685951,3.57420216754521,1,0
"8/2/10","T7","R1","not.disturbed","no.fert",28.44,2010,9.9041322314049,3.34779660493504,0,0
"8/2/10","T7","R2","not.disturbed","no.fert",71.0135714285714,2010,9.9041322314049,4.26287100565637,0,0
"8/2/10","T7","R3","not.disturbed","no.fert",68.541,2010,9.9041322314049,4.22743210636046,0,0
"8/2/10","T7","R4","not.disturbed","no.fert",115.221111111111,2010,9.9041322314049,4.74685298764527,0,0
"8/2/10","T7","R5","not.disturbed","no.fert",55.1169230769231,2010,9.9041322314049,4.00945680288536,0,0
"8/2/10","T7","R6","not.disturbed","no.fert",15.57625,2010,9.9041322314049,2.74574731827494,0,0
"8/2/10","T7","R1","not.disturbed","fert",135.007142857143,2010,9.9041322314049,4.90532768709165,1,0
"8/2/10","T7","R2","not.disturbed","fert",115.430909090909,2010,9.9041322314049,4.74867216128592,1,0
"8/2/10","T7","R3","not.disturbed","fert",128.263333333333,2010,9.9041322314049,4.85408544225977,1,0
"8/2/10","T7","R4","not.disturbed","fert",75.2452941176471,2010,9.9041322314049,4.32075336503092,1,0
"8/2/10","T7","R5","not.disturbed","fert",61.823,2010,9.9041322314049,4.124275463511,1,0
"8/2/10","T7","R6","not.disturbed","fert",83.5041666666667,2010,9.9041322314049,4.42489653081144,1,0
"8/2/11","T7","R1","not.disturbed","no.fert",36.8066666666667,2011,10.9041322314049,3.60567898818779,0,0
"8/2/11","T7","R2","not.disturbed","no.fert",48.9823529411765,2011,10.9041322314049,3.89146008918556,0,0
"8/2/11","T7","R3","not.disturbed","no.fert",47.9105882352941,2011,10.9041322314049,3.86933652874272,0,0
"8/2/11","T7","R4","not.disturbed","no.fert",32.2555555555556,2011,10.9041322314049,3.47369029369436,0,0
"8/2/11","T7","R1","not.disturbed","fert",63.5013333333333,2011,10.9041322314049,4.15106090305353,1,0
"8/2/11","T7","R2","not.disturbed","fert",124.365833333333,2011,10.9041322314049,4.8232274909201,1,0
"8/2/11","T7","R3","not.disturbed","fert",59.5215384615385,2011,10.9041322314049,4.08633823799889,1,0
"8/2/11","T7","R4","not.disturbed","fert",59.84,2011,10.9041322314049,4.09167433366622,1,0
"8/20/02","T7","R1","disturbed","no.fert",15.1178571428571,2002,1.9041322314049,2.71587663735167,0,1
"8/20/02","T7","R2","disturbed","no.fert",23.7666666666667,2002,1.9041322314049,3.16828403875214,0,1
"8/20/02","T7","R3","disturbed","no.fert",19.996875,2002,1.9041322314049,2.99557601134569,0,1
"8/20/02","T7","R4","disturbed","no.fert",27.0144736842105,2002,1.9041322314049,3.29637278475239,0,1
"8/20/02","T7","R1","disturbed","fert",34.3052941176471,2002,1.9041322314049,3.53529968971482,1,1
"8/20/02","T7","R2","disturbed","fert",58.7684615384615,2002,1.9041322314049,4.07360534261409,1,1
"8/20/02","T7","R3","disturbed","fert",54.1709090909091,2002,1.9041322314049,3.99214403171302,1,1
"8/20/02","T7","R4","disturbed","fert",50.666,2002,1.9041322314049,3.92525507419686,1,1
"8/20/98","T7","R2","disturbed","no.fert",19.2783333333333,1998,-2.0958677685951,2.95898184007926,0,1
"8/20/98","T7","R3","disturbed","no.fert",27.788125,1998,-2.0958677685951,3.32460877116513,0,1
"8/20/98","T7","R5","disturbed","no.fert",47.34625,1998,-2.0958677685951,3.85748761903012,0,1
"8/20/98","T7","R2","disturbed","fert",93.968,1998,-2.0958677685951,4.54295429878016,1,1
"8/20/98","T7","R3","disturbed","fert",75.994,1998,-2.0958677685951,4.3306543898014,1,1
"8/20/98","T7","R5","disturbed","fert",196.765,1998,-2.0958677685951,5.28201012327331,1,1
"8/21/02","T7","R5","disturbed","no.fert",47.5013333333333,2002,1.9041322314049,3.86075778082207,0,1
"8/21/02","T7","R6","disturbed","no.fert",17.9877777777778,2002,1.9041322314049,2.8896925149172,0,1
"8/21/02","T7","R5","disturbed","fert",100.69,2002,1.9041322314049,4.61204648992752,1,1
"8/21/02","T7","R6","disturbed","fert",47.163125,2002,1.9041322314049,3.85361233725669,1,1
"8/21/07","T7","R1","disturbed","no.fert",14.913125,2007,6.9041322314049,2.70224169769415,0,1
"8/21/07","T7","R2","disturbed","no.fert",14.7097058823529,2007,6.9041322314049,2.68850754001189,0,1
"8/21/07","T7","R3","disturbed","no.fert",28.8881818181818,2007,6.9041322314049,3.3634325778553,0,1
"8/21/07","T7","R4","disturbed","no.fert",15.0373333333333,2007,6.9041322314049,2.71053599783677,0,1
"8/21/07","T7","R5","disturbed","no.fert",43.6836363636364,2007,6.9041322314049,3.7769735780548,0,1
"8/21/07","T7","R6","disturbed","no.fert",24.416,2007,6.9041322314049,3.19523865510205,0,1
"8/21/07","T7","R1","disturbed","fert",19.778125,2007,6.9041322314049,2.98457652898153,1,1
"8/21/07","T7","R2","disturbed","fert",38.5140625,2007,6.9041322314049,3.6510234343429,1,1
"8/21/07","T7","R3","disturbed","fert",39.267,2007,6.9041322314049,3.67038447147769,1,1
"8/21/07","T7","R4","disturbed","fert",30.3109090909091,2007,6.9041322314049,3.41150768372151,1,1
"8/21/07","T7","R5","disturbed","fert",56.0254545454545,2007,6.9041322314049,4.0258061329152,1,1
"8/21/07","T7","R6","disturbed","fert",32.85,2007,6.9041322314049,3.49195174493062,1,1
"8/21/12","T7","R1","disturbed","no.fert",34.7533333333333,2012,11.9041322314049,3.54827549067185,0,1
"8/21/12","T7","R2","disturbed","no.fert",43.0257142857143,2012,11.9041322314049,3.76179794360336,0,1
"8/21/12","T7","R3","disturbed","no.fert",39.1566666666667,2012,11.9041322314049,3.66757069316769,0,1
"8/21/12","T7","R4","disturbed","no.fert",47.1866666666667,2012,11.9041322314049,3.85411136680915,0,1
"8/21/12","T7","R5","disturbed","no.fert",73.5375,2012,11.9041322314049,4.29779548019057,0,1
"8/21/12","T7","R6","disturbed","no.fert",50.2557142857143,2012,11.9041322314049,3.91712425760253,0,1
"8/21/12","T7","R1","disturbed","fert",34.5605555555556,2012,11.9041322314049,3.54271301890953,1,1
"8/21/12","T7","R2","disturbed","fert",54.225,2012,11.9041322314049,3.99314205671294,1,1
"8/21/12","T7","R3","disturbed","fert",31.98375,2012,11.9041322314049,3.46522796131929,1,1
"8/21/12","T7","R4","disturbed","fert",58.34375,2012,11.9041322314049,4.066352240742,1,1
"8/21/12","T7","R5","disturbed","fert",89.845,2012,11.9041322314049,4.49808596337842,1,1
"8/21/12","T7","R6","disturbed","fert",55.5425,2012,11.9041322314049,4.01714849346915,1,1
"8/21/98","T7","R1","disturbed","no.fert",21.6686666666667,1998,-2.0958677685951,3.07586728465974,0,1
"8/21/98","T7","R1","disturbed","fert",94.0561111111111,1998,-2.0958677685951,4.54389153089407,1,1
"8/22/05","T7","R1","disturbed","no.fert",25.5078571428571,2005,4.9041322314049,3.23898652795346,0,1
"8/22/05","T7","R2","disturbed","no.fert",28.9694736842105,2005,4.9041322314049,3.36624264400182,0,1
"8/22/05","T7","R3","disturbed","no.fert",39.6,2005,4.9041322314049,3.67882911826043,0,1
"8/22/05","T7","R4","disturbed","no.fert",40.5108333333333,2005,4.9041322314049,3.70156942805543,0,1
"8/22/05","T7","R5","disturbed","no.fert",57.0883333333333,2005,4.9041322314049,4.04459977587921,0,1
"8/22/05","T7","R6","disturbed","no.fert",31.6182352941176,2005,4.9041322314049,3.4537340204237,0,1
"8/22/05","T7","R1","disturbed","fert",50.47,2005,4.9041322314049,3.92137910035217,1,1
"8/22/05","T7","R2","disturbed","fert",92.5784615384615,2005,4.9041322314049,4.52805651782043,1,1
"8/22/05","T7","R3","disturbed","fert",68.921,2005,4.9041322314049,4.23296092113079,1,1
"8/22/05","T7","R4","disturbed","fert",81.6463636363636,2005,4.9041322314049,4.40239728243407,1,1
"8/22/05","T7","R5","disturbed","fert",114.323,2005,4.9041322314049,4.73902777540466,1,1
"8/22/05","T7","R6","disturbed","fert",88.3733333333333,2005,4.9041322314049,4.48157026501014,1,1
"8/22/94","T7","R2","not.disturbed","no.fert",126.941428571429,1994,-6.0958677685951,4.84372578772573,0,0
"8/22/94","T7","R3","not.disturbed","no.fert",62.5216666666667,1994,-6.0958677685951,4.13551316333402,0,0
"8/22/94","T7","R5","not.disturbed","no.fert",28.6935714285714,1994,-6.0958677685951,3.35667310563977,0,0
"8/22/94","T7","R2","not.disturbed","fert",93.2081818181818,1994,-6.0958677685951,4.53483550558716,1,0
"8/22/94","T7","R3","not.disturbed","fert",288.012,1994,-6.0958677685951,5.66300214593458,1,0
"8/22/94","T7","R5","not.disturbed","fert",124.86375,1994,-6.0958677685951,4.82722314282027,1,0
"8/23/94","T7","R1","not.disturbed","no.fert",21.7954545454545,1994,-6.0958677685951,3.08170144096518,0,0
"8/23/94","T7","R4","not.disturbed","no.fert",20.0775,1994,-6.0958677685951,2.99959978508048,0,0
"8/23/94","T7","R6","not.disturbed","no.fert",53.205,1994,-6.0958677685951,3.97415237689369,0,0
"8/23/94","T7","R1","not.disturbed","fert",95.4911111111111,1994,-6.0958677685951,4.55903316578415,1,0
"8/23/94","T7","R4","not.disturbed","fert",57.8109090909091,1994,-6.0958677685951,4.05717749646649,1,0
"8/23/94","T7","R6","not.disturbed","fert",74.119,1994,-6.0958677685951,4.30567190969096,1,0
"8/24/98","T7","R6","disturbed","no.fert",20.7852941176471,1998,-2.0958677685951,3.03424572308065,0,1
"8/24/98","T7","R6","disturbed","fert",78.898,1998,-2.0958677685951,4.36815587898809,1,1
"8/28/00","T7","R1","disturbed","no.fert",17.7986956521739,2000,-0.0958677685950988,2.87912517664532,0,1
"8/28/00","T7","R2","disturbed","no.fert",23.2459090909091,2000,-0.0958677685950988,3.14612916347263,0,1
"8/28/00","T7","R3","disturbed","no.fert",36.8141666666667,2000,-0.0958677685950988,3.60588273486346,0,1
"8/28/00","T7","R4","disturbed","no.fert",18.5029411764706,2000,-0.0958677685950988,2.91792970195982,0,1
"8/28/00","T7","R5","disturbed","no.fert",61.5475,2000,-0.0958677685950988,4.11980923442131,0,1
"8/28/00","T7","R6","disturbed","no.fert",18.1819047619048,2000,-0.0958677685950988,2.90042685564309,0,1
"8/28/00","T7","R1","disturbed","fert",55.9507692307692,2000,-0.0958677685950988,4.02447218320264,1,1
"8/28/00","T7","R2","disturbed","fert",122.654444444444,2000,-0.0958677685950988,4.8093710068555,1,1
"8/28/00","T7","R3","disturbed","fert",109.7275,2000,-0.0958677685950988,4.69800001954805,1,1
"8/28/00","T7","R4","disturbed","fert",57.25,2000,-0.0958677685950988,4.04742764243435,1,1
"8/28/00","T7","R5","disturbed","fert",263.7375,2000,-0.0958677685950988,5.57495429030225,1,1
"8/28/00","T7","R6","disturbed","fert",112.143636363636,2000,-0.0958677685950988,4.7197805171685,1,1
"8/28/06","T7","R1","disturbed","no.fert",20.5513333333333,2006,5.9041322314049,3.02292582123812,0,1
"8/28/06","T7","R2","disturbed","no.fert",18.9702631578947,2006,5.9041322314049,2.94287265616988,0,1
"8/28/06","T7","R3","disturbed","no.fert",48.585,2006,5.9041322314049,3.8833148412914,0,1
"8/28/06","T7","R4","disturbed","no.fert",29.2813888888889,2006,5.9041322314049,3.37695212269793,0,1
"8/28/06","T7","R5","disturbed","no.fert",55.5170833333333,2006,5.9041322314049,4.01669078119709,0,1
"8/28/06","T7","R6","disturbed","no.fert",28.8305555555556,2006,5.9041322314049,3.36143578151513,0,1
"8/28/06","T7","R1","disturbed","fert",37.4185714285714,2006,5.9041322314049,3.62216714343551,1,1
"8/28/06","T7","R2","disturbed","fert",64.71,2006,5.9041322314049,4.16991574906918,1,1
"8/28/06","T7","R3","disturbed","fert",56.2964285714286,2006,5.9041322314049,4.03063109745729,1,1
"8/28/06","T7","R4","disturbed","fert",59.17,2006,5.9041322314049,4.0804146566886,1,1
"8/28/06","T7","R5","disturbed","fert",94.739,2006,5.9041322314049,4.55112574223618,1,1
"8/28/06","T7","R6","disturbed","fert",63.3425,2006,5.9041322314049,4.14855650986112,1,1
"8/3/00","T7","R1","not.disturbed","no.fert",46.8563157894737,2000,-0.0958677685950988,3.84708580833865,0,0
"8/3/00","T7","R2","not.disturbed","no.fert",44.0855,2000,-0.0958677685950988,3.78613093020088,0,0
"8/3/00","T7","R3","not.disturbed","no.fert",46.0452173913043,2000,-0.0958677685950988,3.82962390044146,0,0
"8/3/00","T7","R4","not.disturbed","no.fert",33.1388888888889,2000,-0.0958677685950988,3.50070748364181,0,0
"8/3/00","T7","R1","not.disturbed","fert",89.4366666666667,2000,-0.0958677685950988,4.49353073977967,1,0
"8/3/00","T7","R2","not.disturbed","fert",65.2415,2000,-0.0958677685950988,4.17809576951793,1,0
"8/3/00","T7","R3","not.disturbed","fert",77.4013333333333,2000,-0.0958677685950988,4.34900400697616,1,0
"8/3/00","T7","R4","not.disturbed","fert",58.0805882352941,2000,-0.0958677685950988,4.0618314984834,1,0
"8/3/04","T7","R1","not.disturbed","no.fert",45.4,2004,3.9041322314049,3.8155121050473,0,0
"8/3/04","T7","R2","not.disturbed","no.fert",66.9744736842105,2004,3.9041322314049,4.20431155700801,0,0
"8/3/04","T7","R3","not.disturbed","no.fert",64.0692857142857,2004,3.9041322314049,4.15996508706819,0,0
"8/3/04","T7","R4","not.disturbed","no.fert",40.3788235294118,2004,3.9041322314049,3.69830547747789,0,0
"8/3/04","T7","R5","not.disturbed","no.fert",45.0388888888889,2004,3.9041322314049,3.8075263140975,0,0
"8/3/04","T7","R6","not.disturbed","no.fert",24.0254545454545,2004,3.9041322314049,3.17911387436331,0,0
"8/3/04","T7","R1","not.disturbed","fert",99.4,2004,3.9041322314049,4.59915211366253,1,0
"8/3/04","T7","R2","not.disturbed","fert",83.0192307692308,2004,3.9041322314049,4.41907227697405,1,0
"8/3/04","T7","R3","not.disturbed","fert",90.83375,2004,3.9041322314049,4.50903091258063,1,0
"8/3/04","T7","R4","not.disturbed","fert",105.225,2004,3.9041322314049,4.65610091465663,1,0
"8/3/04","T7","R5","not.disturbed","fert",51.6083333333333,2004,3.9041322314049,3.94368315815602,1,0
"8/3/04","T7","R6","not.disturbed","fert",88.79,2004,3.9041322314049,4.48627403104424,1,0
"8/3/11","T7","R5","not.disturbed","no.fert",28.995652173913,2011,10.9041322314049,3.36714589370911,0,0
"8/3/11","T7","R6","not.disturbed","no.fert",23.8159090909091,2011,10.9041322314049,3.17035380656263,0,0
"8/3/11","T7","R5","not.disturbed","fert",43.7379166666667,2011,10.9041322314049,3.77821538417982,1,0
"8/3/11","T7","R6","not.disturbed","fert",111.161111111111,2011,10.9041322314049,4.71098060042628,1,0
"8/3/99","T7","R1","not.disturbed","no.fert",30.15625,1999,-1.0958677685951,3.40639219853926,0,0
"8/3/99","T7","R2","not.disturbed","no.fert",54.8555555555556,1999,-1.0958677685951,4.0047034679286,0,0
"8/3/99","T7","R3","not.disturbed","no.fert",72.8907692307692,1999,-1.0958677685951,4.28896200864848,0,0
"8/3/99","T7","R4","not.disturbed","no.fert",43.4438461538462,1999,-1.0958677685951,3.77146921115947,0,0
"8/3/99","T7","R5","not.disturbed","no.fert",31.6241666666667,1999,-1.0958677685951,3.45392159623937,0,0
"8/3/99","T7","R6","not.disturbed","no.fert",34.6284615384615,1999,-1.0958677685951,3.54467593174055,0,0
"8/3/99","T7","R1","not.disturbed","fert",109.437142857143,1999,-1.0958677685951,4.69535034659945,1,0
"8/3/99","T7","R2","not.disturbed","fert",77.13,1999,-1.0958677685951,4.34549230994591,1,0
"8/3/99","T7","R3","not.disturbed","fert",85.4184615384615,1999,-1.0958677685951,4.44756225469694,1,0
"8/3/99","T7","R4","not.disturbed","fert",66.8107692307692,1999,-1.0958677685951,4.20186428357817,1,0
"8/3/99","T7","R5","not.disturbed","fert",39.3307692307692,1999,-1.0958677685951,3.67200714462442,1,0
"8/3/99","T7","R6","not.disturbed","fert",63.9414285714286,1999,-1.0958677685951,4.15796748575666,1,0
"8/30/10","T7","R1","disturbed","no.fert",21.675625,2010,9.9041322314049,3.07618835731432,0,1
"8/30/10","T7","R2","disturbed","no.fert",21.6788235294118,2010,9.9041322314049,3.0763359098505,0,1
"8/30/10","T7","R3","disturbed","no.fert",26.8969230769231,2010,9.9041322314049,3.29201189630797,0,1
"8/30/10","T7","R4","disturbed","no.fert",27.8978571428571,2010,9.9041322314049,3.32854988096216,0,1
"8/30/10","T7","R5","disturbed","no.fert",69.0246153846154,2010,9.9041322314049,4.23446318568357,0,1
"8/30/10","T7","R6","disturbed","no.fert",36.2665625,2010,9.9041322314049,3.59089617350696,0,1
"8/30/10","T7","R1","disturbed","fert",68.7483333333333,2010,9.9041322314049,4.23045249382859,1,1
"8/30/10","T7","R2","disturbed","fert",114.907272727273,2010,9.9041322314049,4.74412547899844,1,1
"8/30/10","T7","R3","disturbed","fert",74.6018181818182,2010,9.9041322314049,4.31216487932314,1,1
"8/30/10","T7","R4","disturbed","fert",72.9741666666667,2010,9.9041322314049,4.2901054972391,1,1
"8/30/10","T7","R5","disturbed","fert",126.668181818182,2010,9.9041322314049,4.84157092570327,1,1
"8/30/10","T7","R6","disturbed","fert",77.3466666666667,2010,9.9041322314049,4.34829748192975,1,1
"8/31/09","T7","R1","disturbed","no.fert",12.5764705882353,2009,8.9041322314049,2.53182765453473,0,1
"8/31/09","T7","R2","disturbed","no.fert",17.3911764705882,2009,8.9041322314049,2.85596297821062,0,1
"8/31/09","T7","R3","disturbed","no.fert",27.1405,2009,8.9041322314049,3.30102707722892,0,1
"8/31/09","T7","R4","disturbed","no.fert",20.3282352941176,2009,8.9041322314049,3.01201082082876,0,1
"8/31/09","T7","R5","disturbed","no.fert",30.7576923076923,2009,8.9041322314049,3.42614011931636,0,1
"8/31/09","T7","R6","disturbed","no.fert",17.0818181818182,2009,8.9041322314049,2.83801463362105,0,1
"8/31/09","T7","R1","disturbed","fert",31.510625,2009,8.9041322314049,3.4503247905455,1,1
"8/31/09","T7","R2","disturbed","fert",70.2453125,2009,8.9041322314049,4.25199358000893,1,1
"8/31/09","T7","R3","disturbed","fert",58.9815384615385,2009,8.9041322314049,4.07722448750842,1,1
"8/31/09","T7","R4","disturbed","fert",65.5692307692308,2009,8.9041322314049,4.18310654276293,1,1
"8/31/09","T7","R5","disturbed","fert",121.432727272727,2009,8.9041322314049,4.79936042444233,1,1
"8/31/09","T7","R6","disturbed","fert",64.9176666666667,2009,8.9041322314049,4.17311980032867,1,1
"8/4/97","T7","R1","not.disturbed","no.fert",45.0646153846154,1997,-3.0958677685951,3.80809735729128,0,0
"8/4/97","T7","R2","not.disturbed","no.fert",34.7594736842105,1997,-3.0958677685951,3.54845215886169,0,0
"8/4/97","T7","R3","not.disturbed","no.fert",32.5423529411765,1997,-3.0958677685951,3.48254240837082,0,0
"8/4/97","T7","R4","not.disturbed","no.fert",24.7995,1997,-3.0958677685951,3.21082349167737,0,0
"8/4/97","T7","R1","not.disturbed","fert",121.741176470588,1997,-3.0958677685951,4.8018972868156,1,0
"8/4/97","T7","R2","not.disturbed","fert",29.9,1997,-3.0958677685951,3.39785848039664,1,0
"8/4/97","T7","R4","not.disturbed","fert",26.7129166666667,1997,-3.0958677685951,3.28514721871423,1,0
"8/5/91","T7","R1","not.disturbed","no.fert",94.4761904761905,1991,-9.0958677685951,4.5483478501214,0,0
"8/5/91","T7","R2","not.disturbed","no.fert",298.513888875,1991,-9.0958677685951,5.69881646064469,0,0
"8/5/91","T7","R3","not.disturbed","no.fert",184.456790124815,1991,-9.0958677685951,5.21741523618601,0,0
"8/5/91","T7","R4","not.disturbed","no.fert",207.55555558,1991,-9.0958677685951,5.33539904157034,0,0
"8/5/91","T7","R5","not.disturbed","no.fert",74.0634920647619,1991,-9.0958677685951,4.30492272620699,0,0
"8/5/91","T7","R6","not.disturbed","no.fert",1123.38888888333,1991,-9.0958677685951,7.02410518943462,0,0
"8/5/91","T7","R1","not.disturbed","fert",816.999999798333,1991,-9.0958677685951,6.70563909461316,1,0
"8/5/91","T7","R2","not.disturbed","fert",203.308642002222,1991,-9.0958677685951,5.31472522834973,1,0
"8/5/91","T7","R3","not.disturbed","fert",88.8518518519444,1991,-9.0958677685951,4.48697039683641,1,0
"8/5/91","T7","R4","not.disturbed","fert",108.422222233333,1991,-9.0958677685951,4.686033070148,1,0
"8/5/91","T7","R5","not.disturbed","fert",113.722222231389,1991,-9.0958677685951,4.73375882784573,1,0
"8/5/91","T7","R6","not.disturbed","fert",198.58730157,1991,-9.0958677685951,5.29122880983874,1,0
"8/5/91","T7","R1","disturbed","no.fert",177.126984127143,1991,-9.0958677685951,5.17686689979506,0,1
"8/5/91","T7","R2","disturbed","no.fert",295.20634922381,1991,-9.0958677685951,5.68767460070576,0,1
"8/5/91","T7","R3","disturbed","no.fert",397.583333308333,1991,-9.0958677685951,5.98540455566523,0,1
"8/5/91","T7","R4","disturbed","no.fert",170.469135765556,1991,-9.0958677685951,5.13855425843423,0,1
"8/5/91","T7","R5","disturbed","no.fert",359.412698446191,1991,-9.0958677685951,5.88447130607417,0,1
"8/5/91","T7","R6","disturbed","no.fert",266.2777777625,1991,-9.0958677685951,5.58454004120609,0,1
"8/5/91","T7","R1","disturbed","fert",1286.66666670333,1991,-9.0958677685951,7.15981017381926,1,1
"8/5/91","T7","R2","disturbed","fert",612.571428588572,1991,-9.0958677685951,6.41766555372331,1,1
"8/5/91","T7","R3","disturbed","fert",598.962962926111,1991,-9.0958677685951,6.39519976469481,1,1
"8/5/91","T7","R4","disturbed","fert",449.481481503889,1991,-9.0958677685951,6.10809465507389,1,1
"8/5/91","T7","R5","disturbed","fert",928.111111111111,1991,-9.0958677685951,6.83315145741969,1,1
"8/5/91","T7","R6","disturbed","fert",203.58333336125,1991,-9.0958677685951,5.31607542160687,1,1
"8/5/97","T7","R5","not.disturbed","no.fert",30.8025,1997,-3.0958677685951,3.42759585551669,0,0
"8/5/97","T7","R6","not.disturbed","no.fert",42.786,1997,-3.0958677685951,3.75621094627422,0,0
"8/5/97","T7","R5","not.disturbed","fert",44.2,1997,-3.0958677685951,3.78872478908365,1,0
"8/5/97","T7","R6","not.disturbed","fert",116.022857142857,1997,-3.0958677685951,4.75378721603065,1,0
"8/7/00","T7","R5","not.disturbed","no.fert",25.3082352941176,2000,-0.0958677685950988,3.23112984846434,0,0
"8/7/00","T7","R6","not.disturbed","no.fert",13.0755555555556,2000,-0.0958677685950988,2.57074449895696,0,0
"8/7/00","T7","R5","not.disturbed","fert",60.4347058823529,2000,-0.0958677685950988,4.1015635406222,1,0
"8/7/00","T7","R6","not.disturbed","fert",36.0042857142857,2000,-0.0958677685950988,3.58363797898955,1,0
"8/7/02","T7","R4","not.disturbed","no.fert",37.119375,2002,1.9041322314049,3.61413907049177,0,0
"8/7/02","T7","R5","not.disturbed","no.fert",36.8377777777778,2002,1.9041322314049,3.6065238886605,0,0
"8/7/02","T7","R6","not.disturbed","no.fert",17.19,2002,1.9041322314049,2.84432781939476,0,0
"8/7/02","T7","R4","not.disturbed","fert",47.9693333333333,2002,1.9041322314049,3.87056191784253,1,0
"8/7/02","T7","R5","not.disturbed","fert",39.618125,2002,1.9041322314049,3.67928671556702,1,0
"8/7/02","T7","R6","not.disturbed","fert",59.4871428571429,2002,1.9041322314049,4.08576020276697,1,0
"8/8/01","T7","R5","not.disturbed","no.fert",41.7592857142857,2001,0.904132231404901,3.73192183888513,0,0
"8/8/01","T7","R6","not.disturbed","no.fert",37.9125,2001,0.904132231404901,3.6352808730147,0,0
"8/8/01","T7","R5","not.disturbed","fert",41.3272222222222,2001,0.904132231404901,3.72152141654375,1,0
"8/8/01","T7","R6","not.disturbed","fert",84.485,2001,0.904132231404901,4.43657400381261,1,0
"8/8/02","T7","R1","not.disturbed","no.fert",66.3238888888889,2002,1.9041322314049,4.19455014736013,0,0
"8/8/02","T7","R2","not.disturbed","no.fert",73.4526666666667,2002,1.9041322314049,4.29664120783786,0,0
"8/8/02","T7","R3","not.disturbed","no.fert",46.464,2002,1.9041322314049,3.83867781920233,0,0
"8/8/02","T7","R1","not.disturbed","fert",54.1413333333333,2002,1.9041322314049,3.99159791139183,1,0
"8/8/02","T7","R2","not.disturbed","fert",75.423,2002,1.9041322314049,4.32311226828653,1,0
"8/8/02","T7","R3","not.disturbed","fert",75.4357692307692,2002,1.9041322314049,4.32328155550616,1,0
"8/8/06","T7","R1","not.disturbed","no.fert",103.695833333333,2006,5.9041322314049,4.64146193442182,0,0
"8/8/06","T7","R2","not.disturbed","no.fert",59.8365,2006,5.9041322314049,4.09161584265084,0,0
"8/8/06","T7","R3","not.disturbed","no.fert",49.5344736842105,2006,5.9041322314049,3.90266886523905,0,0
"8/8/06","T7","R4","not.disturbed","no.fert",55.9560526315789,2006,5.9041322314049,4.0245666082024,0,0
"8/8/06","T7","R5","not.disturbed","no.fert",29.6094117647059,2006,5.9041322314049,3.3880922758137,0,0
"8/8/06","T7","R6","not.disturbed","no.fert",21.4321052631579,2006,5.9041322314049,3.06489004372511,0,0
"8/8/06","T7","R1","not.disturbed","fert",90.5882142857143,2006,5.9041322314049,4.50632411944049,1,0
"8/8/06","T7","R2","not.disturbed","fert",80.7122222222222,2006,5.9041322314049,4.39089001637593,1,0
"8/8/06","T7","R3","not.disturbed","fert",80.1975,2006,5.9041322314049,4.38449234231678,1,0
"8/8/06","T7","R4","not.disturbed","fert",71.705625,2006,5.9041322314049,4.27256919641123,1,0
"8/8/06","T7","R5","not.disturbed","fert",40.2061764705882,2006,5.9041322314049,3.69402062736999,1,0
"8/8/06","T7","R6","not.disturbed","fert",34.8956666666667,2006,5.9041322314049,3.55236265722047,1,0
"8/8/07","T7","R1","not.disturbed","no.fert",38.44125,2007,6.9041322314049,3.64913110178358,0,0
"8/8/07","T7","R2","not.disturbed","no.fert",62.779375,2007,6.9041322314049,4.13962659596444,0,0
"8/8/07","T7","R3","not.disturbed","no.fert",45.9068421052632,2007,6.9041322314049,3.82661417143149,0,0
"8/8/07","T7","R4","not.disturbed","no.fert",38.4194444444444,2007,6.9041322314049,3.64856369717455,0,0
"8/8/07","T7","R5","not.disturbed","no.fert",54.016,2007,6.9041322314049,3.98928029897349,0,0
"8/8/07","T7","R6","not.disturbed","no.fert",29.6758823529412,2007,6.9041322314049,3.39033467393545,0,0
"8/8/07","T7","R1","not.disturbed","fert",68.3188888888889,2007,6.9041322314049,4.22418628601213,1,0
"8/8/07","T7","R2","not.disturbed","fert",93.5915384615385,2007,6.9041322314049,4.53893997834519,1,0
"8/8/07","T7","R3","not.disturbed","fert",55.58,2007,6.9041322314049,4.01782342431436,1,0
"8/8/07","T7","R4","not.disturbed","fert",28.716,2007,6.9041322314049,3.35745445871424,1,0
"8/8/07","T7","R5","not.disturbed","fert",81.052,2007,6.9041322314049,4.39509092400308,1,0
"8/8/07","T7","R6","not.disturbed","fert",18.948,2007,6.9041322314049,2.94169838506151,1,0
"8/8/90","T7","R1","not.disturbed","no.fert",276.022222244667,1990,-10.0958677685951,5.62048137785519,0,0
"8/8/90","T7","R2","not.disturbed","no.fert",185.444444422727,1990,-10.0958677685951,5.22275534620851,0,0
"8/8/90","T7","R3","not.disturbed","no.fert",373.925925888889,1990,-10.0958677685951,5.92405771867762,0,0
"8/8/90","T7","R4","not.disturbed","no.fert",138.590476173333,1990,-10.0958677685951,4.93152336991674,0,0
"8/8/90","T7","R5","not.disturbed","no.fert",202.722222238889,1990,-10.0958677685951,5.3118366786225,0,0
"8/8/90","T7","R6","not.disturbed","no.fert",234.732323221212,1990,-10.0958677685951,5.45844581481103,0,0
"8/8/90","T7","R1","not.disturbed","fert",242.016666667667,1990,-10.0958677685951,5.48900659431277,1,0
"8/8/90","T7","R2","not.disturbed","fert",218.77499998625,1990,-10.0958677685951,5.38804380435904,1,0
"8/8/90","T7","R3","not.disturbed","fert",169.990123444074,1990,-10.0958677685951,5.13574033797474,1,0
"8/8/90","T7","R4","not.disturbed","fert",82.7407407422222,1990,-10.0958677685951,4.41571211364272,1,0
"8/8/90","T7","R5","not.disturbed","fert",249,1990,-10.0958677685951,5.51745289646471,1,0
"8/8/90","T7","R6","not.disturbed","fert",493.092592629444,1990,-10.0958677685951,6.20069697107191,1,0
"8/8/90","T7","R1","disturbed","no.fert",94.8333333372222,1990,-10.0958677685951,4.55212096493928,0,1
"8/8/90","T7","R2","disturbed","no.fert",106.047619061905,1990,-10.0958677685951,4.66388822966865,0,1
"8/8/90","T7","R3","disturbed","no.fert",180.166666645,1990,-10.0958677685951,5.19388234829089,0,1
"8/8/90","T7","R4","disturbed","no.fert",123.349206345714,1990,-10.0958677685951,4.8150194087894,0,1
"8/8/90","T7","R5","disturbed","no.fert",280.377777777333,1990,-10.0958677685951,5.63613790015584,0,1
"8/8/90","T7","R6","disturbed","no.fert",109.112121210909,1990,-10.0958677685951,4.69237598850919,0,1
"8/8/90","T7","R1","disturbed","fert",162.111111104667,1990,-10.0958677685951,5.08828197114681,1,1
"8/8/90","T7","R2","disturbed","fert",244.074074112778,1990,-10.0958677685951,5.4974717616508,1,1
"8/8/90","T7","R3","disturbed","fert",254.861111139167,1990,-10.0958677685951,5.54071873457674,1,1
"8/8/90","T7","R4","disturbed","fert",189.311111136,1990,-10.0958677685951,5.24339175240399,1,1
"8/8/90","T7","R5","disturbed","fert",117.205555555833,1990,-10.0958677685951,4.76392927837298,1,1
"8/8/90","T7","R6","disturbed","fert",84.3939393939394,1990,-10.0958677685951,4.4354955908949,1,1
"8/9/01","T7","R1","not.disturbed","no.fert",70.31,2001,0.904132231404901,4.25291403621107,0,0
"8/9/01","T7","R2","not.disturbed","no.fert",42.2347826086957,2001,0.904132231404901,3.74324411398249,0,0
"8/9/01","T7","R3","not.disturbed","no.fert",60.473,2001,0.904132231404901,4.10219698443206,0,0
"8/9/01","T7","R4","not.disturbed","no.fert",98.46,2001,0.904132231404901,4.58965037433005,0,0
"8/9/01","T7","R1","not.disturbed","fert",79.5235714285714,2001,0.904132231404901,4.37605347367092,1,0
"8/9/01","T7","R2","not.disturbed","fert",93.2585714285714,2001,0.904132231404901,4.53537597310471,1,0
"8/9/01","T7","R3","not.disturbed","fert",92.504,2001,0.904132231404901,4.52725188682666,1,0
"8/9/01","T7","R4","not.disturbed","fert",56.3663157894737,2001,0.904132231404901,4.0318717423112,1,0
"8/9/09","T7","R1","not.disturbed","no.fert",34.844,2009,8.9041322314049,3.55088095595665,0,0
"8/9/09","T7","R2","not.disturbed","no.fert",54.938,2009,8.9041322314049,4.0062052766554,0,0
"8/9/09","T7","R3","not.disturbed","no.fert",47.4564705882353,2009,8.9041322314049,3.85981288221273,0,0
"8/9/09","T7","R4","not.disturbed","no.fert",63.825,2009,8.9041322314049,4.15614496312755,0,0
"8/9/09","T7","R5","not.disturbed","no.fert",57.9818181818182,2009,8.9041322314049,4.06012948177759,0,0
"8/9/09","T7","R6","not.disturbed","no.fert",20.4261111111111,2009,8.9041322314049,3.01681403883127,0,0
"8/9/09","T7","R1","not.disturbed","fert",117.224,2009,8.9041322314049,4.76408663433572,1,0
"8/9/09","T7","R2","not.disturbed","fert",67.9653333333333,2009,8.9041322314049,4.21899777126034,1,0
"8/9/09","T7","R3","not.disturbed","fert",92.764,2009,8.9041322314049,4.53005863349296,1,0
"8/9/09","T7","R4","not.disturbed","fert",73.655,2009,8.9041322314049,4.2993920292669,1,0
"8/9/09","T7","R5","not.disturbed","fert",78.6775,2009,8.9041322314049,4.3653572187405,1,0
"8/9/09","T7","R6","not.disturbed","fert",73.542,2009,8.9041322314049,4.29785667158708,1,0
"8/9/93","T7","R2","not.disturbed","no.fert",82.6607692307692,1993,-7.0958677685951,4.41474511500169,0,0
"8/9/93","T7","R5","not.disturbed","no.fert",30.3381818181818,1993,-7.0958677685951,3.4124070452355,0,0
"8/9/93","T7","R6","not.disturbed","no.fert",46.4266666666667,1993,-7.0958677685951,3.83787400679182,0,0
"8/9/93","T7","R2","not.disturbed","fert",11.775,1993,-7.0958677685951,2.46597863990248,1,0
"8/9/93","T7","R6","not.disturbed","fert",48.0345454545455,1993,-7.0958677685951,3.87192044901992,1,0
"8/9/99","T7","R1","disturbed","no.fert",24.2038461538462,1999,-1.0958677685951,3.18651155251141,0,1
"8/9/99","T7","R2","disturbed","no.fert",25.0711111111111,1999,-1.0958677685951,3.22171623153556,0,1
"8/9/99","T7","R3","disturbed","no.fert",37.3445454545455,1999,-1.0958677685951,3.62018686221388,0,1
"8/9/99","T7","R4","disturbed","no.fert",25.8641666666667,1999,-1.0958677685951,3.25285848436566,0,1
"8/9/99","T7","R5","disturbed","no.fert",100.297142857143,1999,-1.0958677685951,4.6081372085915,0,1
"8/9/99","T7","R6","disturbed","no.fert",19.79375,1999,-1.0958677685951,2.98536623130481,0,1
"8/9/99","T7","R1","disturbed","fert",85.274,1999,-1.0958677685951,4.44586960146961,1,1
"8/9/99","T7","R2","disturbed","fert",118.3275,1999,-1.0958677685951,4.77345620381758,1,1
"8/9/99","T7","R3","disturbed","fert",111.09375,1999,-1.0958677685951,4.71037443943762,1,1
"8/9/99","T7","R4","disturbed","fert",49.8533333333333,1999,-1.0958677685951,3.9090853614408,1,1
"8/9/99","T7","R5","disturbed","fert",196.2,1999,-1.0958677685951,5.27913454713126,1,1
"8/9/99","T7","R6","disturbed","fert",84.874,1999,-1.0958677685951,4.44116780377705,1,1
"9/1/04","T7","R1","disturbed","no.fert",16.364,2004,3.9041322314049,2.79508380006715,0,1
"9/1/04","T7","R2","disturbed","no.fert",15.53,2004,3.9041322314049,2.7427736371606,0,1
"9/1/04","T7","R3","disturbed","no.fert",17.5573333333333,2004,3.9041322314049,2.86547171638649,0,1
"9/1/04","T7","R1","disturbed","fert",25.9041666666667,2004,3.9041322314049,3.25440383092735,1,1
"9/1/04","T7","R2","disturbed","fert",32.585652173913,2004,3.9041322314049,3.48387207412796,1,1
"9/1/04","T7","R3","disturbed","fert",50.70125,2004,3.9041322314049,3.92595056512556,1,1
"9/15/89","T7","R1","not.disturbed","no.fert",674.7,1989,-11.0958677685951,6.51426814763338,0,0
"9/15/89","T7","R2","not.disturbed","no.fert",415.642857142857,1989,-11.0958677685951,6.02982637504141,0,0
"9/15/89","T7","R3","not.disturbed","no.fert",573.25,1989,-11.0958677685951,6.35132192173801,0,0
"9/15/89","T7","R4","not.disturbed","no.fert",868.375,1989,-11.0958677685951,6.76662364901305,0,0
"9/15/89","T7","R5","not.disturbed","no.fert",137.041666666667,1989,-11.0958677685951,4.92028501584111,0,0
"9/15/89","T7","R6","not.disturbed","no.fert",316.958333333333,1989,-11.0958677685951,5.75877032464936,0,0
"9/15/89","T7","R1","not.disturbed","fert",715.75,1989,-11.0958677685951,6.57333094397822,1,0
"9/15/89","T7","R2","not.disturbed","fert",881.4375,1989,-11.0958677685951,6.78155409745246,1,0
"9/15/89","T7","R3","not.disturbed","fert",776.45,1989,-11.0958677685951,6.6547322490152,1,0
"9/15/89","T7","R4","not.disturbed","fert",594.45,1989,-11.0958677685951,6.38763660830455,1,0
"9/15/89","T7","R5","not.disturbed","fert",981.083333333333,1989,-11.0958677685951,6.8886574032902,1,0
"9/15/89","T7","R6","not.disturbed","fert",936.416666666667,1989,-11.0958677685951,6.8420605341199,1,0
"9/2/03","T7","R1","disturbed","no.fert",15.7458823529412,2003,2.9041322314049,2.7565788931823,0,1
"9/2/03","T7","R2","disturbed","no.fert",22.98,2003,2.9041322314049,3.13462427242061,0,1
"9/2/03","T7","R3","disturbed","no.fert",21.3902941176471,2003,2.9041322314049,3.06293727324041,0,1
"9/2/03","T7","R4","disturbed","no.fert",42.4108333333333,2003,2.9041322314049,3.7474038327472,0,1
"9/2/03","T7","R5","disturbed","no.fert",64.1481818181818,2003,2.9041322314049,4.16119574799719,0,1
"9/2/03","T7","R6","disturbed","no.fert",16.5147368421053,2003,2.9041322314049,2.80425312423837,0,1
"9/2/03","T7","R1","disturbed","fert",50.6457142857143,2003,2.9041322314049,3.92485461281488,1,1
"9/2/03","T7","R2","disturbed","fert",123.5125,2003,2.9041322314049,4.81634236552108,1,1
"9/2/03","T7","R3","disturbed","fert",100.001111111111,2003,2.9041322314049,4.60518129703747,1,1
"9/2/03","T7","R4","disturbed","fert",108.89125,2003,2.9041322314049,4.69034967776678,1,1
"9/2/03","T7","R5","disturbed","fert",234.784,2003,2.9041322314049,5.45866594253158,1,1
"9/2/03","T7","R6","disturbed","fert",113.507,2003,2.9041322314049,4.7318645090285,1,1
"9/2/08","T7","R1","disturbed","no.fert",17.9613333333333,2008,7.9041322314049,2.88822129916821,0,1
"9/2/08","T7","R2","disturbed","no.fert",11.73375,2008,7.9041322314049,2.46246930466906,0,1
"9/2/08","T7","R3","disturbed","no.fert",24.5246153846154,2008,7.9041322314049,3.19967732274396,0,1
"9/2/08","T7","R4","disturbed","no.fert",26.0468421052632,2008,7.9041322314049,3.25989653648501,0,1
"9/2/08","T7","R5","disturbed","no.fert",21.2810714285714,2008,7.9041322314049,3.05781801229297,0,1
"9/2/08","T7","R6","disturbed","no.fert",21.4738888888889,2008,7.9041322314049,3.06683772678271,0,1
"9/2/08","T7","R1","disturbed","fert",26.4178571428571,2008,7.9041322314049,3.27404018841862,1,1
"9/2/08","T7","R2","disturbed","fert",54.4064285714286,2008,7.9041322314049,3.99648231914901,1,1
"9/2/08","T7","R3","disturbed","fert",59.24,2008,7.9041322314049,4.0815969893996,1,1
"9/2/08","T7","R4","disturbed","fert",49.3936363636364,2008,7.9041322314049,3.89982159734618,1,1
"9/2/08","T7","R5","disturbed","fert",70.9672727272727,2008,7.9041322314049,4.26221882326916,1,1
"9/2/08","T7","R6","disturbed","fert",76.7622222222222,2008,7.9041322314049,4.3407126209839,1,1
"9/9/04","T7","R4","disturbed","no.fert",15.534,2004,3.9041322314049,2.74303116999746,0,1
"9/9/04","T7","R5","disturbed","no.fert",23.4526315789474,2004,3.9041322314049,3.15498270944663,0,1
"9/9/04","T7","R6","disturbed","no.fert",15.8613636363636,2004,3.9041322314049,2.76388619210484,0,1
"9/9/04","T7","R4","disturbed","fert",47.4394117647059,2004,3.9041322314049,3.85945335504906,1,1
"9/9/04","T7","R5","disturbed","fert",130.0665,2004,3.9041322314049,4.86804585812592,1,1
"9/9/04","T7","R6","disturbed","fert",41.2757142857143,2004,3.9041322314049,3.72027429518557,1,1
